[{"id":6241460,"title":"Santepont","order":null,"templateKey":null,"customTemplate":false,"customTemplateFilename":null,"pageLinks":["84207390","164593073"],"dateCreated":"2024-04-23T13:06:45.543","dateUpdated":"2025-04-03T02:57:45.992Z","folderId":null,"pageName":"Santepont_6241460","sectionCount":6,"status":2},{"id":875317345,"title":"Blog Template","order":1,"templateKey":"blog","customTemplate":false,"customTemplateFilename":null,"pageLinks":["6","5","4"],"dateCreated":"2024-04-23T16:03:46.848Z","dateUpdated":"2024-04-23T16:03:47.466Z","folderId":null,"pageName":"Blog Template","sectionCount":1,"status":2},{"id":682924487,"title":"Post Template","order":2,"templateKey":"post","customTemplate":false,"customTemplateFilename":null,"pageLinks":[],"dateCreated":"2024-04-23T16:03:46.944Z","dateUpdated":"2024-04-23T16:03:47.468Z","folderId":null,"pageName":"Post Template","sectionCount":1,"status":2},{"id":2657926764,"title":"Product List Template","order":3,"templateKey":"products","customTemplate":false,"customTemplateFilename":null,"pageLinks":[],"dateCreated":"2024-04-23T16:03:47.042Z","dateUpdated":"2024-04-23T16:03:47.475Z","folderId":null,"pageName":"Product List Template","sectionCount":1,"status":2},{"id":315021218,"title":"Product Details Template","order":4,"templateKey":"product","customTemplate":false,"customTemplateFilename":null,"pageLinks":[],"dateCreated":"2024-04-23T16:03:47.133Z","dateUpdated":"2024-04-23T16:03:47.475Z","folderId":null,"pageName":"Product Details Template","sectionCount":1,"status":2},{"id":78707598,"title":"Shopping Cart Template","order":5,"templateKey":"cart","customTemplate":false,"customTemplateFilename":null,"pageLinks":[],"dateCreated":"2024-04-23T16:03:47.210Z","dateUpdated":"2024-04-23T16:03:47.475Z","folderId":null,"pageName":"Shopping Cart Template","sectionCount":1,"status":2},{"id":2215910114,"title":"Login Template","order":7,"templateKey":"login","customTemplate":false,"customTemplateFilename":null,"pageLinks":[],"dateCreated":"2024-04-23T16:03:47.302Z","dateUpdated":"2024-04-23T16:03:47.475Z","folderId":null,"pageName":"Login Template","sectionCount":1,"status":2},{"id":274228500,"title":"Search Template","order":8,"templateKey":"Search","customTemplate":false,"customTemplateFilename":null,"pageLinks":[],"dateCreated":"2025-03-23T20:58:26.325Z","dateUpdated":"2025-03-23T20:58:26.389Z","folderId":null,"pageName":"Search Template","sectionCount":1,"status":2},{"id":271788983,"title":"Password Template","order":9,"templateKey":"password","customTemplate":false,"customTemplateFilename":null,"pageLinks":[],"dateCreated":"2024-04-23T16:03:47.346Z","dateUpdated":"2024-04-23T16:03:47.476Z","folderId":null,"pageName":"Password Template","sectionCount":1,"status":2},{"id":2006501652,"title":"404 Not Found Template","order":10,"templateKey":"404","customTemplate":false,"customTemplateFilename":null,"pageLinks":[],"dateCreated":"2024-04-23T16:03:47.390Z","dateUpdated":"2024-04-23T16:03:47.476Z","folderId":null,"pageName":"404 Not Found Template","sectionCount":1,"status":2},{"id":167174105,"title":"Thank You Template","order":11,"templateKey":"ThankYou","customTemplate":false,"customTemplateFilename":null,"pageLinks":[],"dateCreated":"2024-04-23T16:03:47.426Z","dateUpdated":"2024-04-23T16:03:47.476Z","folderId":null,"pageName":"Thank You Template","sectionCount":1,"status":2},{"id":84207390,"title":"About Us","order":11,"templateKey":null,"customTemplate":false,"customTemplateFilename":null,"pageLinks":[],"dateCreated":"2024-04-23T18:21:11.990Z","dateUpdated":"2025-03-23T21:16:53.258Z","folderId":null,"pageName":"About Us_84207390","sectionCount":5,"status":2},{"id":2401714889,"title":"Development","order":12,"templateKey":null,"customTemplate":false,"customTemplateFilename":null,"pageLinks":["84207390","875317345"],"dateCreated":"2024-04-26T17:57:13.534Z","dateUpdated":"2024-04-29T21:20:03.231Z","folderId":null,"pageName":"Development_2401714889","sectionCount":1,"status":2},{"id":953308336,"title":"Big Data","order":12.5,"templateKey":null,"customTemplate":false,"customTemplateFilename":null,"pageLinks":["84207390","875317345"],"dateCreated":"2024-04-26T17:57:13.534Z","dateUpdated":"2024-04-29T21:16:57.904Z","folderId":null,"pageName":"Big Data_953308336","sectionCount":1,"status":2},{"id":1081813271,"title":"Mobile Apps","order":13,"templateKey":null,"customTemplate":false,"customTemplateFilename":null,"pageLinks":["84207390","875317345"],"dateCreated":"2024-04-26T17:57:13.534Z","dateUpdated":"2024-04-29T21:19:04.525Z","folderId":null,"pageName":"Mobile Apps_1081813271","sectionCount":1,"status":2},{"id":164593073,"title":"AI Products","order":14,"templateKey":null,"customTemplate":false,"customTemplateFilename":null,"pageLinks":["84207390","875317345"],"dateCreated":"2024-04-26T17:57:13.534Z","dateUpdated":"2024-04-29T21:32:50.881Z","folderId":null,"pageName":"AI Products_164593073","sectionCount":1,"status":2},{"id":360208640,"title":"Careers","order":15,"templateKey":null,"customTemplate":false,"customTemplateFilename":null,"pageLinks":[],"dateCreated":"2024-05-10T16:27:55.702Z","dateUpdated":"2025-03-23T21:03:20.991Z","folderId":null,"pageName":"Careers_360208640","sectionCount":1,"status":2}]